{"name":"jtran2","rewindTwoSeconds":{"count":342},"videoSeek":{"count":3,"data":[{"time":-1.69734167406454},{"time":0.18363700688002194},{"time":-2.6495824353499984}]},"totalTime":2115271,"video":"Full Lecture Video 29 Part 0"}