{"name":"tyiu2","toggleVideo":{"count":168},"rewindTwoSeconds":{"count":29},"videoSeek":{"count":3,"data":[{"time":1.6075260019498927},{"time":3.1886075845665545},{"time":0.8348592235404055}]},"totalTime":6895656,"video":"Full Lecture Video 24 Part 6"}