{"name":"ytian13","rewindTwoSeconds":{"count":147},"toggleVideo":{"count":8},"videoSeek":{"count":3,"data":[{"time":-2.595149667590711},{"time":3.336312349019124},{"time":1.8795755159126486}]},"totalTime":1927209,"video":"Full Lecture Video 22 Part 5"}