{"name":"jsu2","toggleVideo":{"count":10},"rewindTwoSeconds":{"count":203},"video":"Full Lecture Video 23 Part 1","totalTime":208344,"videoSeek":{"count":3,"data":[{"time":0.9240043798186548},{"time":0.7042272204245705},{"time":49.62309821882084}]}}