{"name":"Steijger","rewindTwoSeconds":{"count":154},"videoSeek":{"count":4,"data":[{"time":-1.4692341079684184},{"time":-7.16683752068127},{"time":-1.061730862226284},{"time":-1.4552285294060994}]},"totalTime":1056462,"video":"Full Lecture Video 26 Part 6"}