{"name":"tyiu2","videoSeek":{"count":3,"data":[{"time":-1.5215526059345255},{"time":-3.0505152981085897},{"time":2.67288175123457}]},"rewindTwoSeconds":{"count":119},"toggleVideo":{"count":446},"totalTime":2862357,"video":"Full Lecture Video 24 Part 0"}