{"name":"jtran2","rewindTwoSeconds":{"count":195},"videoSeek":{"count":2,"data":[{"time":46.51914369906018},{"time":28.712200913857828}]},"totalTime":1642350,"video":"Full Lecture Video 29 Part 3"}