{"name":"omelvin2","toggleVideo":{"count":9},"rewindTwoSeconds":{"count":84},"video":"Full Lecture Video 3 Part 1","totalTime":848034,"videoSeek":{"count":3,"data":[{"time":5.714971973214858},{"time":6.877514285182542},{"time":2.9028507754969723}]}}