{"name":"jtran2","rewindTwoSeconds":{"count":200},"toggleVideo":{"count":1},"videoSeek":{"count":4,"data":[{"time":-2.038902729600359},{"time":-2.660851122249852},{"time":-1.9035177418957119},{"time":-1.978324280277377}]},"totalTime":1659077,"video":"Full Lecture Video 29 Part 1"}