{"name":"jpand2","rewindTwoSeconds":{"count":27},"videoSeek":{"count":3,"data":[{"time":1.0171537203867729},{"time":-1.6086103517856145},{"time":-2.2798906501150213}]},"totalTime":550623,"video":"Full Lecture Video 14 Part 4"}