{"name":"swalters2","videoSeek":{"count":3,"data":[{"time":-51.990069028233805},{"time":-1.8486999943399098},{"time":3.654770816233622}]},"rewindTwoSeconds":{"count":179},"toggleVideo":{"count":348},"totalTime":2457277,"video":"Full Lecture Video 30 Part 0"}