{"name":"omelvin2","toggleVideo":{"count":13},"videoSeek":{"count":3,"data":[{"time":2.817112669370558},{"time":3.7817364623554397},{"time":3.0428397845233803}]},"rewindTwoSeconds":{"count":47},"totalTime":897519,"video":"Full Lecture Video 4 Part 6"}