{"name":"wtian","videoSeek":{"count":4,"data":[{"time":-1.281068372594258},{"time":-0.9606770411090906},{"time":-0.2765791389261658},{"time":-0.3331201894241884}]},"toggleVideo":{"count":10},"rewindTwoSeconds":{"count":44},"totalTime":1241030,"video":"Full Lecture Video 18 Part 0"}