{"name":"wtian","rewindTwoSeconds":{"count":118},"videoSeek":{"count":4,"data":[{"time":7.1591709112157105},{"time":7.674720096404442},{"time":8.248529463516164},{"time":2.3578137681298728}]},"totalTime":1019577,"video":"Full Lecture Video 18 Part 4"}