{"name":"jhasegaw","videoSeek":{"count":1,"data":[{"time":-9.879480888485556}]},"toggleVideo":{"count":4},"editSegmentLengthDrag":{"count":23},"editSegmentText":{"count":23},"rewindTwoSeconds":{"count":2},"editSegmentLengthDoubleClick":{"count":5,"data":[1607.8766099534153,343.54364326804534,577.6565794156745,272.5439291484299,140.11824782926396]},"totalTime":240190,"video":"Full Lecture Video 01 part3"}