{"name":"kshao5","videoSeek":{"count":4,"data":[{"time":-2.595785959683843},{"time":-7.08013403296367},{"time":0.8653453646426641},{"time":13.333228978187606}]},"editSegmentLengthDrag":{"count":11},"editSegmentText":{"count":11},"totalTime":266547,"video":"Full Lecture Video 03 part4"}