{"name":"harroun2","videoSeek":{"count":4,"data":[{"time":245.90314174361856},{"time":64.56994827882113},{"time":26.512855143723357},{"time":17.237936009526777}]},"editSegmentLengthDrag":{"count":3,"data":[-20,95,-57]},"editSegmentText":{"count":1},"video":"Full Lecture Video 24 Part 8","totalTime":31619}