{"name":"olenz2","editSegmentLengthDrag":{"count":29,"data":[252,367,3,404,495,461,543,473,389,560,464,-245,-192,-317,-29,-30,34,-68,75,-65]},"rewindTwoSeconds":{"count":1},"editSegmentText":{"count":9},"editSegmentLengthDoubleClick":{"count":1,"data":[965.4902029414611]},"videoSeek":{"count":4,"data":[{"time":-8.074258960892053},{"time":-4.758615161704853},{"time":-9.896227917128186},{"time":-12.399338355974805}]},"totalTime":463534,"video":"Full Lecture Video 9 Part 0"}