{"name":"jren4","videoSeek":{"count":4,"data":[{"time":461.86606352643327},{"time":-0.16154792176587307},{"time":0.21274445662874086},{"time":425.4663691100404}]},"toggleVideo":{"count":5},"totalTime":8016,"editSegmentLengthDrag":{"count":4},"editSegmentText":{"count":4},"editSegmentLengthDoubleClick":{"count":2,"data":[299.5,942.9491346750256]},"video":"Full Lecture Video 1 Part 1"}