{"name":"kchen70","videoSeek":{"count":3,"data":[{"time":1.45182867105622},{"time":-0.296819492603992},{"time":3.202912997883144}]},"video":"Full Lecture Video 2 Part 9","totalTime":33187}