{"name":"ywu100","editSegmentLengthDrag":{"count":72,"data":[25,23,-41,17,-28,-17,67,-76,73,-66,29,-14,21,117,31,-126,-31,148,-136,22,-14,-12,58,-49,17,129,-41,111,-286,23,16,54,-81,14,-59,-76,21,85,-105,-50,46,23,-35,-13,58,397,80,768,-155,-30,56,-35,-8,-14,29,-43,143,-186,36,29,-12,45,81,-33,-101]},"editSegmentText":{"count":8},"videoSeek":{"count":3,"data":[{"time":0.5019614449416565},{"time":-2.222956384329109},{"time":-0.4876691393328656}]},"totalTime":251766,"video":"Full Lecture Video 17 Part 4"}