{"name":"alekson2","editSegmentLengthDrag":{"count":1},"editSegmentText":{"count":1},"videoSeek":{"count":4,"data":[{"time":446.68968308856716},{"time":-0.1531816690800838},{"time":0.5030176591739632},{"time":0.7217915671261608}]},"video":"Full Lecture Video 1 Part 6","totalTime":5905}