{"name":"ydshah2","videoSeek":{"count":4,"data":[{"time":110.99401784232525},{"time":6.346644431500522},{"time":12.701903645180153},{"time":9.482170224784198}]},"video":"Full Lecture Video 10 Part 1","totalTime":45124}