{"name":"fwu10","videoSeek":{"count":3,"data":[{"time":14.37674528303906},{"time":26.897928575173893},{"time":-4.895358196896751}]},"editSegmentLengthDrag":{"count":5},"editSegmentText":{"count":5},"totalTime":279683,"video":"Full Lecture Video 31 Part 0"}