{"name":"jren4","videoSeek":{"count":4,"data":[{"time":448.0265467486025},{"time":448.98361660952264},{"time":-156.37085482048946},{"time":-0.6336635378983715}]},"toggleVideo":{"count":6},"editSegmentLengthDrag":{"count":5},"editSegmentText":{"count":5},"editSegmentLengthDoubleClick":{"count":2,"data":[9692.474446452168,9735]},"totalTime":3732,"video":"Full Lecture Video 1 Part 2"}