{"name":"mhlee4","toggleVideo":{"count":2},"editSegmentLengthDrag":{"count":13,"data":[118,-157,-39,112,-139,-36,-54,29,-53,-69]},"videoSeek":{"count":3,"data":[{"time":-9.415116119348426},{"time":-21.753934454623618},{"time":-5.049127567447499}]},"editSegmentText":{"count":3},"video":"Full Lecture Video 13 Part 10","totalTime":196403}