{"name":"pkothar2","videoSeek":{"count":4,"data":[{"time":281.99950737795984},{"time":-7.430582877960603},{"time":6.096546807462175},{"time":-1.371567429140498}]},"editSegmentLengthDrag":{"count":1},"editSegmentText":{"count":1},"toggleVideo":{"count":1},"video":"Full Lecture Video 25 Part 4","totalTime":22526}