{"name":"slee435","rewindTwoSeconds":{"count":34},"toggleVideo":{"count":104},"editSegmentLengthDrag":{"count":56},"editSegmentText":{"count":56},"editSegmentLengthDoubleClick":{"count":28,"data":[177.00035088452304,443.9864076938429,234.96854554864638,350.1279197319609,548.723311785282,577.4406466662012,410.6200450284996,349.21880109081576,95.75935326029412,399.599921005316,307.76778037742406,466.2526116211711,867.0442247116862,490.47620511363493,544.1009872640207,497.88585238363885,374.3569263469999,211.0444034232096,528.8187464472321,157.64821576255417,531.2718122863516,244.1553207468969,327.33300024043274,314.2801059369958,226.47567749226073,345.9740043651909,197.09794306884942,312.59726827291524]},"videoSeek":{"count":4,"data":[{"time":0.8341821733322021},{"time":4.71822819784326},{"time":2.243129832158729},{"time":5.2069374477937345}]},"video":"Full Lecture Video 6 Part 10","totalTime":263265}