{"name":"mtgao2","editSegmentLengthDrag":{"count":218,"data":[18,-19,24,-17,4,6,-5,-18,-8,96,-181,-5,3,-6,-13,87,-24,27,-2,-361,47,-109,18,45,18,66,-59,-7,-24,-41,28,253,-272,-178,30,-76,-4,10,13,-5,-131,58,-90,55,-162,208,44,30,41,-87,60,-44,-55,39,18,-86,11,-20,-2,-15,65,66,-101,1,7,-16,-5,27,-12,-24,-119,210,-23,-12,-47,35,-223,-206,-84,58,49,-71,67,-49,-36,-34,-12,-11,-13,32,38,-15,47,-119,-8,26,-29,36,61,-78,-19,-1,-19,-7,-3,-37,3,61,-41,86,-6,3,-6,7,-11,-8,-5,-24,7,-28,-2,40,-45,-46,38,-55,-87,-48,32,-16,35,4,-29,16,-45,16,-29,-8,6,-8,-125,-17,237,113,-148,9,15,-15,11,100,-17,5,-5,-5,-9,21,-13,-12,-78,25,-98,-39,45,64,-47,16,-17,-39,53,-57,49,163,-54,46,-151,76,-30,-47,-52,6,-40,31,15,-13,79,-39,-52,58,-29,46]},"editSegmentText":{"count":29},"videoSeek":{"count":3,"data":[{"time":-1.5711407944663254},{"time":-0.7410567655885245},{"time":2.2976028692990837}]},"editSegmentLengthDoubleClick":{"count":3,"data":[239.89885009274803,790.5616844470296,316.0574022100627]},"totalTime":925372,"video":"Full Lecture Video 4 Part 4"}