{"name":"sshan7","editSegmentLengthDrag":{"count":322,"data":[-3,5]},"editSegmentText":{"count":320},"editSegmentLengthDoubleClick":{"count":158,"data":[205.4182513155793,236,327.4058614130092,236.5622405884253,222.4427651553275,215.0624999999999,470.63518584287954,257.36502838873616,250.375,411.18421907019024,117.828125,218.3401456012798,348.7727245601459,233.58155539692734,333.328125,281.87836633959114,512.3271883867269,685.8125,499.6175321445671,86.44147021894241,87.390625,90.390625,190,171.15094072545617,183.05144980545265,333.902537071147,388.90020780958,795.1785260732513,371.4927054391974,633.8661731508455,329.95082255261696,941.9887985704318,831.578125,412.0000000000018,82.99214426473554,405.015625,353.9999999999982,683.5439605975698,307.90087490021506,95.26301099289958,162.64479021959596,411.2208217567877,688.331491693174,588.8450340833733,614.8050643500246,770.0438832106483,283.37727371955407,308.890625,535.5235237937413,426.8931931667448,624.59375,566.0000256610474,1051.8627416931777,243.140625,372.1695221256123,282.951787033624,372.1838091592399,258.734375,264.734375,330.9254139270597,785.0281206587897,772.7663587619245,1060.3125,404,479.951851062473,728.0625,447.5735281349407,262.9393988157426,449.457677745846,579.5,181.92642845300725,440.078125,175.6097632334131,113.92977344015526,353.22742490697783,152.20961997364066,233.58095081041756,562.4400951967909,292.609375,310.1175755566146,100.890625,373.6557962949264,352.359375,233.57445583678054,324.24913600191576,634.1088561768447,277.109375,256.47930213561267,308.516579404637,801,360.83959782830516,389.171875,311.9693995772975,321.25908464505255,220.94593641591518,388.8916980832969,380.3377738703266,701.7469776270132,494.828125,426.2254977845723,223.78125,290.7903986590609,447.784247106767,428.6426824441487,159.2597135584001,439.7962414843232,437.546875,284.84541594517486,303.0535914516331,487.7246675082961,706.2302228283042,276.4163610078467,373.1443663569462,528.2102509182296,1031.117160490452,1515.0117756048548,811.1721777765724,1037.65625,167.6974049263972,287.9507987615125,453.0402465966945,410.34375,351,1113,599,696.7206533595654,413.7791319122116,378.1029953541656,365.11192793685404,226.8843874216036,404.1260190641915,522.3125,609.0498692601432,317.953125,206.31654413350043,391.4875875090693,650.0935039388314,476.21492598732584,312.72432340386877,563.5220540626178,163.72282221229761,200.96875,557.1999365252559,397.0494809263073,436.31362017802167,439.78764810395296,251.45127282360772,141.82314038186087,449.421875,198.27160517415905,1095.0155059910867,277.0581321242862,149.97987774809008,227.71875,228,392.22666621481767,137.3434485716025,557.5868215164592]},"toggleVideo":{"count":336},"videoSeek":{"count":173,"data":[{"time":-8.347449286675259},{"time":-1.497044913550182},{"time":0.09444447062667827},{"time":-3.201903063831608},{"time":-0.23435951149868472},{"time":0.09557875878316224},{"time":-0.06413512103254959},{"time":3.1532487387596717},{"time":2.4918705112864075},{"time":0.4645489034891881},{"time":1.779235261270216},{"time":-0.17753593456042438},{"time":-0.4738518265324956},{"time":-0.5172737665339042},{"time":-0.17926641073165683},{"time":-0.026332711616234405},{"time":-1.1801677028988138},{"time":-1.318435235546545},{"time":-0.09363991626418056},{"time":-0.041949328207536496},{"time":2.8386108593105064},{"time":2.9616632187180016},{"time":1.8013733504361227},{"time":3.0961280574187526},{"time":0.9205225798463914},{"time":-1.5575047405743874},{"time":3.9644283430021403},{"time":-2.0751695369124548},{"time":-2.0247219529667575},{"time":-0.14765179146013452},{"time":-3.6970335476504204},{"time":-0.06996356477864651},{"time":-3.115622307898775},{"time":-0.2148082370341058},{"time":-0.32058566364457874},{"time":-2.432033164605855},{"time":-1.3659632282319762},{"time":-1.655888757178218},{"time":-1.1192419863037344},{"time":-1.6806476507064474},{"time":1.5747431840214006},{"time":-1.4822564698405927},{"time":-1.7835327446916267},{"time":-2.8456452200154274},{"time":-2.56078132808625},{"time":-2.7016494575708236},{"time":0.08655281373253843},{"time":-7.843493794773735},{"time":-0.7430374940674085},{"time":3.9832463822847046},{"time":1.6194660815224609},{"time":2.9225210684510614},{"time":-1.2667261714867095},{"time":2.795456734858078},{"time":-0.22371575236309127},{"time":3.8757280137840553},{"time":0.8607330846742798},{"time":-1.6348866371429267},{"time":1.7366198616351198},{"time":-4.925444862102836},{"time":-3.305132993669133},{"time":-2.482373880161049},{"time":-2.0799616206677456},{"time":0.17222797158621006},{"time":-0.23988866123318076},{"time":-0.7073755175706538},{"time":0.017390314526267048},{"time":2.6370954826846287},{"time":-1.4279222954214106},{"time":-0.8448393572809323},{"time":-0.46329945262726824},{"time":5.748420701818532},{"time":-0.09631468613025618},{"time":1.0212339290087584},{"time":0.3165486264349511},{"time":-2.905569714966532},{"time":4.3486548884338845},{"time":-0.11474063591549566},{"time":0.22868354148585013},{"time":-1.3496425274611852},{"time":-0.894190031610151},{"time":-0.04291266413167705},{"time":0.006356835215910905},{"time":-0.11863470540805565},{"time":0.06884313809899822},{"time":-6.4946550004848405},{"time":2.876641958969742},{"time":-1.5987530087934374},{"time":-0.14510300415969368},{"time":0.05378464898689117},{"time":1.3987979179863146},{"time":-0.8634104154550073},{"time":-0.08633028583960822},{"time":-0.20898483516168653},{"time":-2.2386688519956124},{"time":-2.9250520519806287},{"time":-0.695580989745963},{"time":-1.4624881255806486},{"time":-0.6670360388842482},{"time":0.13621733930972368},{"time":-2.1376482745354792},{"time":-2.469834529275147},{"time":-0.06738806570916012},{"time":0.3580217346460053},{"time":-0.058333914484585137},{"time":-0.040542920494488044},{"time":-0.7251380561647096},{"time":-8.937088722729058},{"time":5.596466873568303},{"time":-0.14466368178133848},{"time":0.03235918772723778},{"time":-0.05748730509085931},{"time":-1.720512437090946},{"time":-1.5577799059946358},{"time":-13.687882391747479},{"time":10.234313132879976},{"time":-3.9952811090671503},{"time":-1.471718944821646},{"time":3.29247695921714},{"time":5.885121678667559},{"time":5.083637314053846},{"time":0.829793107349019},{"time":3.7897634694333817},{"time":0.8415724170406804},{"time":-6.486505952312513},{"time":-2.303964467074536},{"time":-1.3366507440038333},{"time":0.16250549658406044},{"time":7.841490961607775},{"time":-1.029986446090021},{"time":-2.8610318011773472},{"time":-1.3530248036393573},{"time":-3.579985716940911},{"time":-2.385626754981587},{"time":0.9311576699221575},{"time":1.0075365092249058},{"time":2.8091487446962162},{"time":4.620669158594012},{"time":0.762104063094398},{"time":1.3095961957615145},{"time":1.628866533028713},{"time":-1.5920988866687367},{"time":-1.7145436399922573},{"time":-0.2582125325981792},{"time":1.5937372356088417},{"time":-2.106438625797125},{"time":-0.9826400319061008},{"time":-1.0417673954543147},{"time":-1.9692620470253246},{"time":-0.1883804068938275},{"time":0.06159959814317517},{"time":1.1274192188064944},{"time":-0.19054753145815084},{"time":2.8296203186416164},{"time":3.059132594638072},{"time":-6.8926409142027865},{"time":1.787624576803637},{"time":0.9673206252904833},{"time":0.34468746529461214},{"time":0.9803083452302417},{"time":-0.19396091455831765},{"time":-5.181743086712402},{"time":-4.60303518240147},{"time":5.564480143782703},{"time":-2.4752453249849395},{"time":1.5183314112453559},{"time":-0.30795245935036064},{"time":1.2235455851499069},{"time":1.572236016001682},{"time":-0.04785032109572285},{"time":-4.439936272742216},{"time":-2.5267730487562403},{"time":-0.03928385240595844}]},"rewindTwoSeconds":{"count":1},"video":"Full Lecture Video 2 Part 5","totalTime":749625}