{"name":"sli111","videoSeek":{"count":2,"data":[{"time":-8.444268943983108},{"time":-2.812815909005394}]},"editSegmentLengthDrag":{"count":71,"data":[16,56,-47,-80,38,-38,1,-62,-24,-12,-9,-24,-13,33,29,-137,-7,24,-54,-22,22,14,-37,-35,-3,45,-31,91,-21,-4,-9,48,-88,38,24,-68,51,-34,20,-12,15,28,22,-81,28,48,-49,-640,12,24,-86,19,34,-32,-25,46,-5,-21,-27,5,-13,-45,-72,11,67,-40,35,39]},"editSegmentText":{"count":3},"totalTime":568607,"video":"Full Lecture Video 7 Part 1"}