{"name":"dyang35","videoSeek":{"count":4,"data":[{"time":-11.142211763520065},{"time":-0.14060612077599016},{"time":4.885433744023395},{"time":2.999334575692963}]},"video":"Full Lecture Video 17 Part 10","totalTime":46388}