{"name":"ywu100","editSegmentLengthDrag":{"count":36,"data":[91,-80,-9,313,-272,-37,-19,-50,53,-90,156,-117,65,-84,124,-25,-28,-98,248,-211,-192,5,232,26,114,-190,25,-32,-63,15,185,-160,-16,51,114]},"videoSeek":{"count":2,"data":[{"time":1.7976934926572739},{"time":-0.37418058568762547}]},"editSegmentText":{"count":1},"totalTime":255972,"video":"Full Lecture Video 17 Part 3"}