{"name":"sli111","editSegmentLengthDrag":{"count":151,"data":[55,104,-129,2,-128,-77,-29,52,60,-16,-10,-1,-19,-10,5,5,2,11,3,-41,50,43,-24,154,-43,-12,-141,-35,-18,-13,6,18,7,3,-43,57,16,11,4,30,-21,25,-65,-29,50,-10,-36,31,-15,-62,-14,-40,11,27,-9,79,17,4,-19,-26,72,52,13,10,-23,-22,-24,99,41,-152,-60,-18,36,6,-64,66,23,-37,-46,-35,17,7,6,81,29,10,-14,-13,-22,-70,-8,55,-5,16,14,-60,-21,-19,14,12,10,15,-11,6,6,14,11,16,-67,-8,-4,9,-3,6,-28,14,-6,14,12,4,7,-24,-4,-19,-36,15,7,-6,31,6,4,-36,-97,155,12,-92,-30,-16]},"videoSeek":{"count":2,"data":[{"time":-5.759773106986963},{"time":-4.992219165236765}]},"editSegmentText":{"count":15},"totalTime":535482,"video":"Full Lecture Video 7 Part 2"}