{"name":"cwang120","editSegmentLengthDrag":{"count":2},"editSegmentText":{"count":2},"videoSeek":{"count":4,"data":[{"time":-128.6881653983425},{"time":-0.6662873469867048},{"time":-10.680576003011542},{"time":-140.486747287378}]},"video":"Full Lecture Video 16 Part 9","totalTime":86630}