{"name":"bhujbal2","videoSeek":{"count":4,"data":[{"time":1.0257089099488468},{"time":49.18120844403356},{"time":-2.288887199611395},{"time":-2.917592289897186}]},"editSegmentLengthDrag":{"count":74,"data":[392,380,-303,-371,-182,-162,-418,-515,-284,-26,-114,47,-39,-16,-22,-32,34,-138,5,-92,5,92,-90,41,-12,-30,36,-16,-47,7,-45,23,102,-258,203,-6,-32,-52,8,-77,-240,27,50,-33,-47,69,-12,-34,56,-75,53,-65,41,-48,58,-39,-73,-47]},"editSegmentText":{"count":13},"editSegmentLengthDoubleClick":{"count":2,"data":[342.1406407992072,411.0952051977947]},"totalTime":513216,"video":"Full Lecture Video 2 Part 3"}