{"name":"slee435","rewindTwoSeconds":{"count":52},"toggleVideo":{"count":84},"editSegmentLengthDrag":{"count":70},"editSegmentText":{"count":70},"editSegmentLengthDoubleClick":{"count":34,"data":[480.58385149674245,628.056933310761,556.3712280587233,225.68655669788905,279.91658323578577,565.2143269390326,489.9610344575558,550.6145165934058,421.97031465489,119.46720567083594,311.9343310834356,231.69984054149245,250.97355994129884,244.02851714194549,871.8430336164729,348.23598415068955,370.1204742270256,343.6057308334439,1562.8355888413735,168.95567778357326,995.0309537418962,278.297230757913,162.95691540631015,361.19045806686336,176.0820048985879,776.8799295531462,353.91751888846557,1392.5378634956905,251.58914185735193,1082.5202119447422,238.75545221199718,923.221459138651,287.2765665396546,306.4432490208819]},"videoSeek":{"count":3,"data":[{"time":7.990135877752039},{"time":0.040278611480061954},{"time":4.3503595795167485}]},"video":"Full Lecture Video 26 Part 6","totalTime":373708}