{"name":"olenz2","editSegmentLengthDrag":{"count":7,"data":[47,32,-24,-57,-29,-35]},"videoSeek":{"count":4,"data":[{"time":16.360183165545152},{"time":20.246787783367893},{"time":7.164634569739519},{"time":51.993681617218044}]},"editSegmentText":{"count":1},"totalTime":177423,"video":"Full Lecture Video 28 Part 4"}