{"name":"harroun2","editSegmentLengthDrag":{"count":11,"data":[37,37,-9,-16,-9,3,26,5,-81,640]},"editSegmentText":{"count":2},"videoSeek":{"count":4,"data":[{"time":-10.795792524334459},{"time":-3.727662751444285},{"time":-1.8759596122551727},{"time":-1.0685664096029939}]},"video":"Full Lecture Video 5 Part 0","totalTime":283327}