{"name":"yangyao2","editSegmentLengthDrag":{"count":12},"editSegmentText":{"count":12},"editSegmentLengthDoubleClick":{"count":3,"data":[-0.10388165031162888,-2.197631650311629,11.000015353177409]},"videoSeek":{"count":1,"data":[{"time":-0.13425420470089924}]},"video":"Full Lecture Video 18 Part 3","totalTime":92305}