{"name":"mzhang90","editSegmentLengthDrag":{"count":29,"data":[256]},"editSegmentText":{"count":28},"editSegmentLengthDoubleClick":{"count":12,"data":[-1,-4048,512.4177370278271,385.48865113198235,339.43442025325885,944.5514200587718,42.98703425483518,2173.2730551526274,416.3429495003493,198.37193768290854,357.6473608432907,734.3445151051128]},"videoSeek":{"count":2,"data":[{"time":0.18748822386319472},{"time":-0.14062578530051742}]},"totalTime":1533088,"video":"Full Lecture Video 01 part0"}