{"name":"mbgreen2","editSegmentLengthDrag":{"count":32},"editSegmentText":{"count":31},"editSegmentLengthDoubleClick":{"count":5,"data":[1208.6155873805296,1208.6155873805296,782.3328256938344,970.7057007638177,2415.254264684905]},"videoSeek":{"count":2,"data":[{"time":-5.315700562346414},{"time":4.623470355703347}]},"totalTime":339183,"video":"Full Lecture Video 03 part1"}