{"name":"jlee568","editSegmentLengthDrag":{"count":28},"editSegmentText":{"count":28},"editSegmentLengthDoubleClick":{"count":13,"data":[1787.9554936911745,150.33176155105434,1158.8974178957055,1277.5736929186933,1917.3615429531765,1937.9532549268079,835.9568662683923,598.6167759730633,781.415707109587,730.3511477349894,2741.6428294347243,4331.71893330423,1329.609375]},"totalTime":165709,"video":"Full Lecture Video 15 part1"}