{"name":"gpakal2","editSegmentLengthDrag":{"count":14,"data":[62,-74,-16,-23,73,-62,-32,-39,49,13,3,39]},"editSegmentText":{"count":3},"videoSeek":{"count":3,"data":[{"time":-19.701305416200398},{"time":-9.613630367043186},{"time":-2.0169415735247753}]},"totalTime":215539,"video":"Full Lecture Video 04 part3"}