{"name":"xding11","videoSeek":{"count":3,"data":[{"time":-99.89004938071582},{"time":-0.5239392138860333},{"time":1.0796447270754896}]},"video":"Full Lecture Video 03 part11","totalTime":14851}