{"name":"jlin76","videoSeek":{"count":2,"data":[{"time":0.8592982180951185},{"time":0.8592982180951185}]},"editSegmentLengthDrag":{"count":31,"data":[-9,-1,12,-14,-23,31,-16,-3,24,-9,-35,-5,26,8,-22,-3,198,2,-3,128,1]},"editSegmentText":{"count":10},"totalTime":451781,"video":"Full Lecture Video 19 part9"}