{"name":"liacopo2","editSegmentLengthDrag":{"count":90,"data":[27,20,59,-112,115,92,-169,-37,-7,-38,-77,110,-52,57,78,161,-73,-218,102,-27,-49,5,141,57,-11,-114,-124,29,50,-1,171,-155,-3,-88,122,-16,28,-20,-128,-45,114,-70,-9,-7,322,-65,-288,-44,-25,378,-89,266,-480,84,-254,4,-2,73,-6,22,-25,-40,76,-15,7,-4,-1,-10,-39,35,29,-20,-23,9,-33,82,50]},"editSegmentText":{"count":13},"videoSeek":{"count":4,"data":[{"time":-6.230578519582245},{"time":-1.1459365916013917},{"time":3.5509078772845726},{"time":-4.556930731940824}]},"totalTime":600659,"video":"Full Lecture Video 12 part4"}