{"name":"xwu38","videoSeek":{"count":4,"data":[{"time":0.3046635259813735},{"time":0.46871316115444345},{"time":2.0453178923375077},{"time":1.6160301570183435}]},"editSegmentLengthDrag":{"count":41,"data":[-22,-107,-56,61,86,206,-94,-172,-29,-17]},"editSegmentText":{"count":31},"editSegmentLengthDoubleClick":{"count":6,"data":[332.1030183368778,368.53640114181826,368.53640114181826,180.63255361528354,436.76613590700435,436.76613590700435]},"totalTime":311161,"video":"Full Lecture Video 15 part2"}