{"name":"mgarg5","editSegmentLengthDrag":{"count":12},"editSegmentText":{"count":12},"editSegmentLengthDoubleClick":{"count":6,"data":[8244.221102753536,273.2010305881413,400.18759166258496,517.78125,583.78125,649.78125]},"totalTime":6166,"video":"Full Lecture Video 03 part11"}