{"name":"pxzhu2","videoSeek":{"count":3,"data":[{"time":2.8079519069191488},{"time":3.5700962386603194},{"time":-0.8074131720742201}]},"video":"Full Lecture Video 04 part4","totalTime":21810}