{"name":"jwang242","videoSeek":{"count":3,"data":[{"time":4.416580495188669},{"time":0.4689823685893968},{"time":3.3750667493332616}]},"video":"Full Lecture Video 17 part3","totalTime":215263}