{"name":"jbeltrn2","editSegmentLengthDrag":{"count":3},"editSegmentText":{"count":3},"videoSeek":{"count":4,"data":[{"time":16.041921667499253},{"time":-10.68275733250075},{"time":-11.155328665834077},{"time":-3.8800956365166286}]},"video":"Full Lecture Video 07 part8","totalTime":100635}