{"name":"jyao8","videoSeek":{"count":4,"data":[{"time":75.07704507409014},{"time":-8.391562668443981},{"time":-5.647347141277635},{"time":-9.594658100378211}]},"editSegmentLengthDrag":{"count":10,"data":[98,320,-28,118,158,22]},"editSegmentText":{"count":5},"video":"Full Lecture Video 05 part0","totalTime":173947}