{"name":"vatsava2","videoSeek":{"count":3,"data":[{"time":51.436109074165095},{"time":-14.767943186965866},{"time":0.21796639777767268}]},"video":"Full Lecture Video 12 part1","totalTime":19382}