{"name":"viwang2","videoSeek":{"count":3,"data":[{"time":0.7125353672477851},{"time":-0.2186900039143027},{"time":-11.496105181925424}]},"video":"Full Lecture Video 07 part3","totalTime":13679}