{"name":"gpakal2","videoSeek":{"count":4,"data":[{"time":119.11665832014387},{"time":1.0643640568794979},{"time":-6.122713120128921},{"time":-83.73282606294964}]},"video":"Full Lecture Video 03 part11","totalTime":7600}