{"name":"qwang70","editSegmentLengthDrag":{"count":14,"data":[66,-104,-101,38,111,22,175,74,-311]},"editSegmentText":{"count":5},"videoSeek":{"count":2,"data":[{"time":4.745334437444882},{"time":-9.968999139078335}]},"video":"Full Lecture Video 21 part9","totalTime":213185}