{"name":"zliu79","editSegmentLengthDrag":{"count":4},"videoSeek":{"count":3,"data":[{"time":-14.619256872133198},{"time":-0.48380713766376715},{"time":-2.9267920455926344}]},"editSegmentText":{"count":3},"video":"Full Lecture Video 06 part3","totalTime":180011}