{"name":"limwens2","videoSeek":{"count":2,"data":[{"time":-1.7402966533865403},{"time":1.3970145516975485}]},"editSegmentLengthDrag":{"count":42,"data":[-21,-32,-26,-40,-21,-41,-20,-29,22,58,11,-9,-8,-39,34,-14,-33,31,76,-16,-51,-14,-46,-36,-1,32]},"editSegmentText":{"count":15},"totalTime":571279,"video":"Full Lecture Video 10 part10"}