{"name":"pepa2","videoSeek":{"count":4,"data":[{"time":8.125616500000007},{"time":-1.8313451666666722},{"time":0.7668088333333358},{"time":40.10059383333333}]},"video":"Full Lecture Video 11 part6","totalTime":14074}