{"name":"beyhl2","editSegmentLengthDrag":{"count":114},"editSegmentText":{"count":114},"editSegmentLengthDoubleClick":{"count":57,"data":[2307.320499614375,2436.826622690237,567.3056330363444,1761.4995711385461,2146.8592544374537,1718.9815418124974,85.82426062978857,33.15210264807229,315.77528207323667,322.0908333557595,301.2236152147357,79.49896217466858,788.9495437160326,88.74546961282931,263.9724498076498,140.7763037839668,233.6385759617774,71.29508950714126,132.57386006888828,178.67569979944165,172.9950252482913,171.73837632566938,234.27370879089904,93.38555010994969,664.6879244849979,92.12926515964955,843.2686196743007,140.1438614648805,179.70257320407472,250.07821031270487,204.57814504834914,231.7283436049729,313.8781864729317,522.9629237140343,305.6658081674268,282.2714605428482,970.2493643904181,104.77857377979126,263.9743039746081,167.27352514739505,347.99030104509075,260.1768581254946,405.4754679251637,476.8380806299356,231.12097716648896,325.251464377694,375.14856426203005,465.46088391925514,225.4331457841854,140.7838747605001,175.5207739522939,215.32274084545134,75.68572370936272,109.19959339888374,294.9285706947594,147.08571222373757,706.8167096194284]},"videoSeek":{"count":2,"data":[{"time":-33.858716191824115},{"time":-27.466975196810594}]},"toggleVideo":{"count":110},"rewindTwoSeconds":{"count":11},"totalTime":303261,"video":"Full Lecture Video 20 part5"}