{"name":"ddzied3","videoSeek":{"count":3,"data":[{"time":5.836025032983821},{"time":-2.905665730678425},{"time":-0.8903231676619678}]},"video":"Full Lecture Video 02 part10","totalTime":9349}