{"name":"xzhan140","videoSeek":{"count":2,"data":[{"time":231.626480583434},{"time":-4.0600498783230705}]},"totalTime":4426,"video":"Full Lecture Video 11 part5"}