{"name":"mikeliu2","videoSeek":{"count":2,"data":[{"time":-1.4887928579015623},{"time":-24.816513599621235}]},"video":"Full Lecture Video 05 part7","totalTime":9914}