{"name":"aragarw2","videoSeek":{"count":4,"data":[{"time":-325.69787916226636},{"time":-0.6752277360840768},{"time":0.7825413910805454},{"time":2.3678250377104657}]},"totalTime":10911,"video":"Full Lecture Video 04 part9"}