{"name":"yzhan212","videoSeek":{"count":4,"data":[{"time":1.999282923763161},{"time":-7.082606775884372},{"time":-2.390255382352649},{"time":-7.654075423619503}]},"editSegmentLengthDrag":{"count":8,"data":[-160,-22,-15,-40,-24,-14,-46]},"editSegmentText":{"count":1},"totalTime":185576,"video":"Full Lecture Video 24 part3"}