{"name":"karambe2","videoSeek":{"count":2,"data":[{"time":4.090708316875137},{"time":0.8595172724228304}]},"video":"Full Lecture Video 08 part3","totalTime":5030}