{"name":"bracher2","videoSeek":{"count":2,"data":[{"time":47.47558446180555},{"time":48.78831188541669}]},"video":"Full Lecture Video 16 part3","totalTime":11823}