{"name":"chu49","videoSeek":{"count":2,"data":[{"time":-1.4949888504742426},{"time":-0.046857909460045866}]},"editSegmentLengthDrag":{"count":49,"data":[62,-61,100,-46,-45,23,6,-31,64,33,-24,9,-23,-12,40,-40,37,-57,150,-132,-66,28,-6,27,-47,78,-56,14,-17,-14,37,-16,-12,-13,-8,-23,-8,40,-19,-24]},"editSegmentText":{"count":9},"totalTime":472006,"video":"Full Lecture Video 10 part9"}