{"name":"mslee9","toggleVideo":{"count":52},"editSegmentLengthDrag":{"count":35},"editSegmentText":{"count":35},"editSegmentLengthDoubleClick":{"count":17,"data":[175.48752086264022,213,180.42966346207487,344.96946600117417,423.35986193514054,813.9199562582598,1204.4552675088958,859.979066465602,655.198901418149,159.04436594294657,71.80523453421392,879.3127807643832,301.4966427336385,204.0694773744044,215.61909159710285,164.01296314526735,388.55417080360166]},"videoSeek":{"count":1,"data":[{"time":-1.6940236227015606}]},"rewindTwoSeconds":{"count":10},"video":"Full Lecture Video 19 part10","totalTime":160225}