{"name":"wklock2","editSegmentLengthDrag":{"count":78,"data":[-43,109,-136,25,-29,60,-40,-20,-70,47,95,-13,-4,76,-152,119,-85,70,-112,34,56,-54,-55,66,258,-307,-60,-198,62,-75,-82,141,-381,128,-149,-73,-97,235,61,-147,2,42,72,-34,-22,223,186,175,43,343,-408,-6,138,-136,17,41]},"editSegmentText":{"count":25},"videoSeek":{"count":4,"data":[{"time":-8.351649587770353},{"time":2.8651221026843103},{"time":-9.162700205156426},{"time":-0.3847301493227917}]},"editSegmentLengthDoubleClick":{"count":1,"data":[1189.6808393925712]},"video":"Full Lecture Video 07 part6","totalTime":435921}