{"name":"vsomani2","editSegmentLengthDrag":{"count":13},"editSegmentText":{"count":13},"editSegmentLengthDoubleClick":{"count":5,"data":[294.4436703856377,303.1492468018978,625.2555742035352,633.9611506197953,861.1766950841939]},"video":"Full Lecture Video 21 part5","totalTime":28738}