{"name":"wallac","videoSeek":{"count":2,"data":[{"time":-0.7102844787015274},{"time":-1.7030222520615672}]},"video":"Full Lecture Video 05 part10","totalTime":18579}