{"name":"bruenin2","videoSeek":{"count":2,"data":[{"time":2.2976451789409698},{"time":-1.1872986089948383}]},"video":"Full Lecture Video 04 part10","totalTime":6511}