{"name":"ilei2","videoSeek":{"count":4,"data":[{"time":234.68897254203347},{"time":-3.439831151335113},{"time":-4.231219026481767},{"time":-1.9632705703492093}]},"video":"Full Lecture Video 09 part3","totalTime":5233}