{"name":"yyu18","videoSeek":{"count":2,"data":[{"time":-174.4257744321583},{"time":-0.26109049037306775}]},"video":"Full Lecture Video 22 part0","totalTime":24098}