{"name":"sxu36","videoSeek":{"count":3,"data":[{"time":6.5337685042150335},{"time":-1.249412544964029},{"time":-0.030762458897913625}]},"video":"Full Lecture Video 08 part8","totalTime":19023}