{"name":"jjgoldr2","editSegmentLengthDrag":{"count":44},"editSegmentText":{"count":44},"editSegmentLengthDoubleClick":{"count":21,"data":[672.6336658028372,438.771283522012,2004.5056595279993,278.88664303830956,216.295808233368,177.33733489594215,182.18599976966107,551.3108000724587,503.77379517418467,621.575560219284,564.9980207349327,320.0982445948939,824.9784646407461,462.72065363644106,957.8720415001862,1205.822862655381,519.1490469369055,1061.177764480064,434.1258463147733,1358.3004854638784,1135.616120974013]},"totalTime":200149,"video":"Full Lecture Video 23 part2"}