{"name":"jennyho2","videoSeek":{"count":2,"data":[{"time":-102.39143802550612},{"time":-2.5578250628476806}]},"video":"Full Lecture Video 03 part11","totalTime":8296}