{"name":"clin92","editSegmentLengthDrag":{"count":37,"data":[29,21,-10,-44,-19,-67,-41,-4,-314,-130,145,-16,-49,49,42,132,-110,-115,60,15,-64,39,28,-37,-26,-19,45,59,92,-14]},"editSegmentText":{"count":8},"videoSeek":{"count":4,"data":[{"time":-4.431502436835714},{"time":-7.277068372683402},{"time":-0.9860211577511109},{"time":-3.548519449872174}]},"editSegmentLengthDoubleClick":{"count":1,"data":[312.45095558368484]},"totalTime":482392,"video":"Full Lecture Video 15 part6"}