{"name":"zliu59","editSegmentLengthDrag":{"count":11,"data":[-215,94,-100,-63,51]},"editSegmentText":{"count":6},"editSegmentLengthDoubleClick":{"count":3,"data":[351.77686511176944,351.77686511176944,388.2285998422485]},"videoSeek":{"count":2,"data":[{"time":-6.344491791979692},{"time":-2.2736782107069757}]},"video":"Full Lecture Video 13 part0","totalTime":143878}