{"name":"ineale2","videoSeek":{"count":4,"data":[{"time":-6.81436352949067},{"time":0.0002400358030536509},{"time":0.08606750357044124},{"time":-0.2713080048920977}]},"editSegmentLengthDrag":{"count":99},"editSegmentText":{"count":99},"editSegmentLengthDoubleClick":{"count":48,"data":[110,289.14648833585073,280.9409926050671,840.167518967334,517.1905350661423,299.522133408801,88.2590970368733,473.64894514430125,89.42171377080513,93.34610962992974,439.54309627133716,653.2862678860856,91.44982025984518,129.76368758185345,211.3102387216868,71.40194185106975,177.90580045718707,148.73176214563955,216.34865330429238,93.77131567491506,80.71304681318179,235.1043427428749,237.64198905182275,119.88588888716004,93.77730125778544,155.31091336965437,118.48912552856928,26.702336218328128,297.21232456412326,619.3300749747414,144.84378227636444,139.0479994101861,104.79518426590948,301.5644413558257,164.5774586307889,520.3772079250957,333.2049708709983,27.757169143089413,414.7361635801044,411.53856927142806,243.8077776893606,107.9971762907735,320.5922745158168,195.93140174843938,224.36650144263876,29.160798292619802,392.9684490090367,547.6564907664888]},"totalTime":162516,"video":"Full Lecture Video 22 part2"}