{"name":"gdyer2","editSegmentLengthDrag":{"count":7},"editSegmentText":{"count":7},"editSegmentLengthDoubleClick":{"count":2,"data":[364.93721025401055,-2174.62049790363]},"videoSeek":{"count":2,"data":[{"time":11.264512394072128},{"time":133.1004087632658}]},"video":"Full Lecture Video 14 part1","totalTime":75872}