{"name":"ehnoh2","videoSeek":{"count":2,"data":[{"time":0.5703015170095835},{"time":-0.39048699395164344}]},"video":"Full Lecture Video 01 part0","totalTime":16195}