{"name":"viwang2","video":"Full Lecture Video 12 part6","videoSeek":{"count":3,"data":[{"time":10.620523992215734},{"time":5.126102270662688},{"time":-3.435567077124613}]},"editSegmentLengthDrag":{"count":2,"data":[-99,-212]},"totalTime":15233}