{"name":"lpoon2","editSegmentLengthDrag":{"count":55},"editSegmentText":{"count":55},"editSegmentLengthDoubleClick":{"count":12,"data":[777.7233413803293,2049.759232554531,2200.0590937835996,2283.6234953935837,353.287418317873,4704.6699087050665,4922.285537897734,4998.596085201294,10255.029069807098,10713.182507800726,10894.81901963354,11771.664928193855]},"videoSeek":{"count":1,"data":[{"time":-40.04875899005326}]},"video":"Full Lecture Video 11 part5","totalTime":103884}