{"name":"rthanse2","videoSeek":{"count":2,"data":[{"time":44.632606771417166},{"time":-0.41834812530250076}]},"video":"Full Lecture Video 10 part3","totalTime":3436}