{"name":"xning4","editSegmentLengthDrag":{"count":16,"data":[367,553,104,511,519,538,519,518,528,526]},"editSegmentText":{"count":6},"videoSeek":{"count":4,"data":[{"time":38.08789137301588},{"time":101.53775346145123},{"time":39.41453315079363},{"time":30.673533769841242}]},"video":"Full Lecture Video 18 part7","totalTime":83537}