{"name":"jonglee6","editSegmentLengthDrag":{"count":26,"data":[63,-106,31,-330,41,-25,-11,24,-16,16,192,-32,-80,88,-107,-55,-38,64,-52,35,-63,58]},"editSegmentText":{"count":4},"editSegmentLengthDoubleClick":{"count":1,"data":[971.4628560564088]},"videoSeek":{"count":1,"data":[{"time":-4.8445905432398035}]},"totalTime":243298,"video":"Full Lecture Video 06 part1"}