{"name":"hlee295","videoSeek":{"count":4,"data":[{"time":2.0156047046569157},{"time":0.046820089712896085},{"time":-10.775397193983297},{"time":106.64752472146381}]},"video":"Full Lecture Video 03 part10","totalTime":41238873}