{"name":"rgates3","editSegmentLengthDrag":{"count":67},"editSegmentText":{"count":67},"editSegmentLengthDoubleClick":{"count":32,"data":[530.5300889382158,530.5300889382158,607.5902878115309,137.78604192285457,1360.6429683059512,613.2750565808732,613.2750565808732,613.2750565808732,391.96235630783076,323.30433310911894,646.7027387885801,752.8262031624454,1417.942613549426,716.8125423841175,535.5265115742068,1674.3860325559926,383.31202692256556,516.308244001455,1066.9623526737705,1055.7232028423823,743.9724435750431,900.6186459518249,1402.1471569795158,531.7431553233782,66.31554211499133,219.7090241193655,132.67047335376446,1416.6827087963738,1337.0896994638133,355.5203659580475,325.78625533391096,1380.0354572586002]},"videoSeek":{"count":4,"data":[{"time":-6.992761111009715},{"time":-1.8400976896872407},{"time":-2.738105556277276},{"time":-2.4206528858689182}]},"totalTime":389400,"video":"Full Lecture Video 08 part6"}