{"name":"limwens2","videoSeek":{"count":3,"data":[{"time":6.937574330357142},{"time":-0.10946364909803208},{"time":260.9289464596797}]},"totalTime":15254,"video":"Full Lecture Video 09 part0"}