{"name":"mcho14","editSegmentLengthDrag":{"count":29,"data":[16042]},"editSegmentText":{"count":28},"videoSeek":{"count":1,"data":[{"time":-26.745983251317043}]},"editSegmentLengthDoubleClick":{"count":6,"data":[725.9930350666272,725.9930350666272,725.9930350666272,725.9930350666272,725.9930350666272,1825.8837725450217]},"video":"Full Lecture Video 07 part2","totalTime":88140}