{"name":"beyhl2","video":"Full Lecture Video 20 part9","videoSeek":{"count":3,"data":[{"time":2.335724715182516},{"time":-1.6906513342622937},{"time":-5.347667072731599}]},"editSegmentLengthDrag":{"count":10},"editSegmentText":{"count":10},"toggleVideo":{"count":7},"editSegmentLengthDoubleClick":{"count":4,"data":[301.2234766572014,280.79694296826113,205.06020833471123,154.0266060912615]},"totalTime":36291}