{"name":"jluong4","videoSeek":{"count":3,"data":[{"time":253.0966348311307},{"time":-3.8395892841409136},{"time":-2.5055686600587137}]},"video":"Full Lecture Video 03 part6","totalTime":2393}