{"name":"hwang234","editSegmentLengthDrag":{"count":251,"data":[178,199,-25,-25,-28,14,-3,-202,104,930,8,-9,-7,-2,171,-5,-14,-6,-143,-5,3,3,6,4,3,4,108,-32,-52,-3,88,-4,-48,19,8,-6,4,4,-37,-7,-4,-7,4,-5,35,4,8,3,-6,-12,58,5,8,-55,-9,36,-20,-30,-15,266,-16,-12,-28,14,10,49,5,-10,-202,8,-11,-16,-11,-3,-4,75,-19,-80,25,5,-118,13,194,-9,-9,-5,-39,-18,-14,-5,10,7,7,-9,-45,-3,-31,30,-4,8,10,81,158,165,-41,70,24,-25,-219,-25,-16,10,17,23,12,-35,15,13,72,-12,-131,-6,-7,-182,-17,-17,3,95,-3,51,15,5,29,47,467,71,14,8,29,-231,-12,-10,122,28,-20,3,-204,35,8,21,-13,8,8,11,204,-22,50,-7,-126,-7,3,6,-22,125,-95,8,34,23,77,33,48,-17,12,-129,19,9,5,16,-4,-40,-12,-162,-39,-3,105,184,-226,-7,108,-20,23,-17,2,11,11,10,7,-3,-37,-4]},"editSegmentText":{"count":55},"videoSeek":{"count":2,"data":[{"time":-4.27120076349509},{"time":-1.5504946266939346}]},"editSegmentLengthDoubleClick":{"count":3,"data":[271.6332343976196,891.754325311631,57.19488919139803]},"totalTime":633269,"video":"Full Lecture Video 19 part5"}