{"name":"mkumar12","videoSeek":{"count":4,"data":[{"time":-98.10014983333332},{"time":256.2496048333333},{"time":-4.986342500000035},{"time":-2.885097088660018}]},"totalTime":8410,"video":"Full Lecture Video 06 part0"}