{"name":"wheng3","editSegmentLengthDrag":{"count":68,"data":[45,-48,11,35.999999999999986,-32,20,71,150,-75,72,14,-8,49.00000000000003,-78,40.99999999999994,-109.99999999999994,124,-75.99999999999994,25,57.00000000000001,-31,-38,-77,105.00000000000003,26.000000000000007,-50,-17,-30,47,-7,-14,58,-30,-17,-46,103.99999999999994,-67,28.999999999999986]},"editSegmentText":{"count":20},"videoSeek":{"count":3,"data":[{"time":-8.578725282344807},{"time":-2.68387822024013},{"time":-6.053634202871486}]},"video":"Full Lecture Video 06 part0","totalTime":622203}