{"name":"jlee568","editSegmentLengthDrag":{"count":26},"editSegmentText":{"count":26},"editSegmentLengthDoubleClick":{"count":12,"data":[208.73711985745558,683.3756511012994,1212.3468037814378,1199.0490776039233,1359.1725257156404,855.4421993822607,264.66757018585577,737.2932412925984,736.7755049661055,795.6771616190817,1337.4131338763145,1752.0608404903942]},"video":"Full Lecture Video 15 part10","totalTime":170253}