{"name":"xwang149","videoSeek":{"count":4,"data":[{"time":5.8256669921875},{"time":5.697386523437501},{"time":1.5256318786621073},{"time":0.6244314961751307}]},"video":"Full Lecture Video 05 part11","totalTime":10196}