{"name":"mcho14","editSegmentLengthDrag":{"count":130,"data":[32,88,16,-107,8,-49,20,48,24,-32,13,-62,-8,47,42,-30,-11,-4,-135,13,157,-131,-11,-6,-8,-339,-37,88,37,32,11,-16,-5,96,-93,33,-73,19,75,108,323,-8,6,54,-11,-27,1,-43,33,50,8,14,-145,36,-11,-9,-59,47,30,-8,-3,10,-28,18,-21,31,8,-73,-3,-59,64,18,8,10,-36,8,-15,40,-10,19,42,-12,40,-174,86,23,8,-38,64,-15,52,-26,-28,37,81,37,-115,-11,-18,-5,-8,-5,80,49,19,13,-34,-163,11,-87,178,192,190,249]},"editSegmentText":{"count":17},"editSegmentLengthDoubleClick":{"count":3,"data":[381.25701293630846,685.9573832973942,89.66690001711231]},"videoSeek":{"count":4,"data":[{"time":-34.472582463583336},{"time":3.7102189802335985},{"time":1.4125734402875665},{"time":3.730267142739436}]},"video":"Full Lecture Video 19 part1","totalTime":481299}