{"name":"jppatel4","videoSeek":{"count":4,"data":[{"time":4.418790118243242},{"time":0.6314728122586857},{"time":-0.3613492624879342},{"time":0.39632066554054024}]},"video":"Full Lecture Video 08 part10","totalTime":12434}