{"name":"samin23","editSegmentLengthDrag":{"count":37,"data":[109,54,-52,-19,-101,17,-100,-22,-22,-51,-46,-28,2,-20,12,-70,-39,-36,31,-20,35,-48,-21,44,-58,73]},"editSegmentText":{"count":10},"totalTime":78300,"videoSeek":{"count":2,"data":[{"time":-3.4235032943019643},{"time":-1.3801998409665543}]},"editSegmentLengthDoubleClick":{"count":2,"data":[341.8762828560093,58.346638268023526]},"video":"Full Lecture Video 03 part4"}