{"name":"bjmillr2","videoSeek":{"count":3,"data":[{"time":216.1398074313035},{"time":-2.892033666986805},{"time":0.34152962186504965}]},"video":"Full Lecture Video 09 part6","totalTime":4927}