{"name":"hpark116","videoSeek":{"count":3,"data":[{"time":-18.78646177575032},{"time":0.00020675571648531843},{"time":1.1251877672920112}]},"video":"Full Lecture Video 09 part9","totalTime":3050}