{"name":"abujaba2","videoSeek":{"count":3,"data":[{"time":92.5080975525627},{"time":-0.06884750571063591},{"time":1.0541840888438685}]},"video":"Full Lecture Video 03 part2","totalTime":7612}