{"name":"nmathe6","video":"Full Lecture Video 05 part8","videoSeek":{"count":4,"data":[{"time":-22.57143287949806},{"time":-1.0937820045284523},{"time":1.7812187814577554},{"time":1.4062069037904061}]},"totalTime":11967}