{"name":"kyang18","videoSeek":{"count":2,"data":[{"time":-28.961579884514432},{"time":76.76679816535434}]},"video":"Full Lecture Video 02 part3","totalTime":71215}