{"name":"cpellet2","videoSeek":{"count":2,"data":[{"time":2.6766223736017896},{"time":31.984714029082774}]},"video":"Full Lecture Video 11 part0","totalTime":30081}